text,image
"Excited to share our latest product release! #innovation #technology","/path/to/your/product-image.jpg"
"Just published a new article on industry trends. Check it out!","/path/to/your/article-preview.png"
"Celebrating our team's achievement this quarter. Proud of everyone's hard work!","/path/to/your/team-photo.jpg"
"Interesting insights from today's conference on digital transformation.","/path/to/your/conference-slide.jpg"
"New case study: How we helped our client increase engagement by 200%","/path/to/your/case-study-chart.png" 